[
	{
		"id": 1,
		"marca": "HP PAVILION",
		"imagen": "img/hp1.jpg",
		"precio": "180000",
		"detalles": ["8 GB RAM", "COLOR PLATEADO", "256 GB DISCO SSD"]
	},
	{
		"id": 2,
		"marca": "ACER",
		"imagen": "img/acer.jpg",
		"precio": "850000",
		"detalles": ["16 GB RAM", "COLOR NEGRO", "1 TB DD"]
	},
	{
		"id": 3,
		"marca": "LENOVO",
		"imagen": "img/lenovo.jpg",
		"precio": "400000",
		"detalles": ["4 GB RAM", "COLOR PLATEADO", "1 TB DD"]
	},
	{
		"id": 4,
		"marca": "APPLE",
		"imagen": "img/apple.jpg",
		"precio": "590000",
		"detalles": ["8 GB RAM", "COLOR GOLD", "128 GB DD"]
	},
	{
		"id": 5,
		"marca": "HUAWEI",
		"imagen": "img/huawei.jpg",
		"precio": "570690",
		"detalles": ["8 GB RAM", "COLOR NEGRO", "256 GB DD"]
	},
	{
		"id": 6,
		"marca": "SAMSUNG",
		"imagen": "img/samsung.jpg",
		"precio": "250990",
		"detalles": ["4 GB RAM", "COLOR BLANCO", "64 GB DD"]
	},
	{
		"id": 7,
		"marca": "LG",
		"imagen": "img/lg.jpg",
		"precio": "420990",
		"detalles": ["8 GB RAM", "COLOR PLATEADO", "256 GB DD"]
	},
	{
		"id": 8,
		"marca": "ADVANCE",
		"imagen": "img/advance.jpg",
		"precio": "80690",
		"detalles": ["3 GB RAM", "COLOR NEGRO", "64 GB DD"]
	},
	{
		"id": 9,
		"marca": "DELL",
		"imagen": "img/dell.jpg",
		"precio": "530970",
		"detalles": ["8 GB RAM", "COLOR NEGRO", "1 TB DD"]
	}
]
